{
  "darkPurple": {
    "name": "Dark Purple",
    "vars": {
      "--bg0": "#0b0b12",
      "--bg1": "#121222",
      "--bg2": "#1a1a30",
      "--acc": "#8a2be2",
      "--acc2": "#c084fc",
      "--text": "#e6e6f0",
      "--muted": "#9aa0a6"
    }
  },
  "neonBlue": {
    "name": "Neon Blue",
    "vars": {
      "--bg0": "#061018",
      "--bg1": "#0b1b2b",
      "--bg2": "#0f2236",
      "--acc": "#00d1ff",
      "--acc2": "#6ae3ff",
      "--text": "#e8fbff",
      "--muted": "#9dd2e0"
    }
  },
  "bloodRed": {
    "name": "Blood Red",
    "vars": {
      "--bg0": "#120808",
      "--bg1": "#1c0b0b",
      "--bg2": "#2a0e10",
      "--acc": "#ff375f",
      "--acc2": "#ff7a8f",
      "--text": "#ffe8ec",
      "--muted": "#d9a4ad"
    }
  },
  "cyberGreen": {
    "name": "Cyber Green",
    "vars": {
      "--bg0": "#05110a",
      "--bg1": "#0b1e12",
      "--bg2": "#0f2a18",
      "--acc": "#24ff6d",
      "--acc2": "#8bffc0",
      "--text": "#eafff2",
      "--muted": "#a6d9b9"
    }
  },
  "classicDark": {
    "name": "Classic Dark",
    "vars": {
      "--bg0": "#0e0e0e",
      "--bg1": "#151515",
      "--bg2": "#1e1e1e",
      "--acc": "#888888",
      "--acc2": "#bbbbbb",
      "--text": "#e6e6e6",
      "--muted": "#a0a0a0"
    }
  }
}